country,year,food_imports_pct_merch_imports,food_production_index_2014_2016_100,undernourishment_pct_population,adult_overweight_pct,diabetes_pct_age_20_79,premature_ncd_mortality_pct_30_70
AGO,2000,,32.16,,19.92,,30.5
AGO,2001,,36.9,67.8,20.59,,29.7
AGO,2002,,41.72,63.6,21.26,,29.4
AGO,2003,,45.12,57.5,21.93,,29.3
AGO,2004,,48.23,50.6,22.58,,29
AGO,2005,,52.4,42.9,23.22,,27.8
AGO,2006,,53.64,36,23.84,,27.9
AGO,2007,16.0130411206913,60.96,29.8,24.43,,26.6
AGO,2008,13.7747753460474,64.82,24.4,25,,26
AGO,2009,13.5034728472044,80.89,19.7,25.53,,25.6
AGO,2010,15.2317774101968,85.77,16.2,26.03,,24.8
AGO,2011,18.5961209830809,93.77,14.8,26.5,2.9,24.7
AGO,2012,20.0679144054906,78.69,14,26.96,,24.3
AGO,2013,17.7540189586108,105.73,13.5,27.4,,24.2
AGO,2014,16.9800788875661,94.42,13.2,27.85,,23.1
AGO,2015,13.1856290907877,100.7,14.2,28.31,,23.2
AGO,2016,13.7148613995916,104.88,15.2,28.77,,23
AGO,2017,17.7351790914195,105.13,15.4,29.25,,22.9
AGO,2018,20.4742098971902,107.35,15.9,29.73,,24
AGO,2019,19.7878114318642,110.28,18.2,30.22,,24.6
AGO,2020,22.7679187377981,114.88,20.8,30.73,,25.3
AGO,2021,18.3271316794408,117.5,22.6,31.25,,24.7
AGO,2022,17.8999629886485,124.09,23.1,31.78,,
AGO,2023,14.4443926524951,,22.5,,,
AGO,2024,15.7475332353735,,,,4.9,
BDI,2000,22.9477820813955,78.84,,8.93,,34.1
BDI,2001,13.0997647772338,85.54,,9.23,,32.7
BDI,2002,11.1502827884135,98.97,,9.53,,31.4
BDI,2003,15.6172819923032,84.64,,9.85,,30.4
BDI,2004,9.00425219956459,100.27,,10.17,,29.7
BDI,2005,6.49189862259681,82.55,,10.49,,28.4
BDI,2006,22.1724762196771,95.42,,10.8,,27.3
BDI,2007,12.4332536633679,84.46,,11.11,,26.1
BDI,2008,11.2037211679344,92.93,,11.41,,25.3
BDI,2009,12.5427229476862,88.92,,11.72,,25.1
BDI,2010,13.6810649467138,98.8,,12.01,,25
BDI,2011,24.6762609668747,92.74,,12.3,2.7,24.7
BDI,2012,30.1336822725214,81.8,,12.6,,24.6
BDI,2013,13.9872322830882,112.9,,12.9,,24.5
BDI,2014,13.0620233195074,100.47,,13.22,,24.5
BDI,2015,12.6210040103332,95.75,,13.53,,24.1
BDI,2016,16.5501620490981,103.78,,13.87,,24.1
BDI,2017,18.9584220367267,100.5,,14.22,,24.1
BDI,2018,16.7479405418771,117.68,,14.6,,23.9
BDI,2019,15.5918628771654,128.45,,15,,23.9
BDI,2020,14.67642173268,115.62,,15.42,,24.1
BDI,2021,14.3251417564159,119.32,,15.85,,24.8
BDI,2022,12.863056718752,119.15,,16.31,,
BDI,2023,13.6549138261671,,,,,
BDI,2024,,,,,4.3,
BEN,2000,21.8673892974778,55.18,,16.71,,23.2
BEN,2001,20.3607308180196,55.69,14.3,17.59,,23
BEN,2002,23.8763238350293,65.18,12.8,18.48,,22.8
BEN,2003,24.2141983835193,62.51,11.2,19.36,,22.4
BEN,2004,24.5653739246321,66.41,10.4,20.23,,22.2
BEN,2005,29.9420417539947,66.7,9.2,21.08,,22.1
BEN,2006,30.6782819142083,59.03,8.9,21.88,,22
BEN,2007,31.1594419521255,61.04,8.5,22.63,,22.1
BEN,2008,36.1361186365244,74.43,8.2,23.32,,22.1
BEN,2009,31.0940349253234,77.51,8.7,23.95,,22.2
BEN,2010,38.6401240229343,80.51,9.1,24.5,,22.4
BEN,2011,33.920597278289,84.97,9.6,25,2,22.5
BEN,2012,37.8897950446574,91.68,9.4,25.44,,22.7
BEN,2013,40.3325617827368,99.15,9.2,25.86,,22.4
BEN,2014,45.8483706311581,103.07,9.2,26.27,,22.3
BEN,2015,40.2019861251514,94.87,9.1,26.7,,22.5
BEN,2016,50.4878399953627,102.05,9.7,27.13,,22.2
BEN,2017,52.3113311553297,104.57,10.5,27.58,,21.9
BEN,2018,46.9193864424986,109.45,11.4,28.04,,21.6
BEN,2019,38.4400102736487,117.25,11.8,28.53,,21.3
BEN,2020,32.9310603115432,113.88,11.7,29.03,,21.8
BEN,2021,35.1194769385301,121.75,12.5,29.54,,20.8
BEN,2022,30.0004424084632,126.25,13.3,30.08,,
BEN,2023,32.7370696077588,,14.3,,,
BEN,2024,33.2699587927862,,,,8.1,
BFA,2000,12.572288849584,43.16,,7.91,,26
BFA,2001,14.9826505696802,52.81,22.4,8.4,,26
BFA,2002,21.2879841796361,53.28,20.4,8.92,,25.9
BFA,2003,19.0754191229528,60.3,18.5,9.48,,25.6
BFA,2004,17.553261341026,56.81,17.4,10.05,,25.4
BFA,2005,18.2849854295953,63.55,17,10.65,,25.2
BFA,2006,,64.85,16.5,11.25,,25.3
BFA,2007,14.8371352126624,62.98,15.9,11.86,,25.2
BFA,2008,14.8656582394092,75.27,15.4,12.46,,25.2
BFA,2009,14.3615791170105,73.32,15,13.06,,25.3
BFA,2010,13.9964911579613,81.81,15,13.65,,25.3
BFA,2011,14.7481548677918,78.41,14.6,14.23,3,25.4
BFA,2012,13.1227319035261,85.38,14.1,14.8,,25.5
BFA,2013,12.0160498928872,95.99,13.5,15.38,,25.4
BFA,2014,12.6808655781188,98.87,13.4,15.99,,25.3
BFA,2015,13.6105485218095,99.77,13.6,16.61,,25.3
BFA,2016,13.6826300581823,101.36,14,17.26,,25.2
BFA,2017,12.2199184238571,95.84,14,17.93,,24.9
BFA,2018,12.1553570934943,112.06,14.5,18.64,,24.5
BFA,2019,10.7388765383673,119.25,14.3,19.37,,24.1
BFA,2020,11.6356204029884,117.73,14.9,20.12,,24.2
BFA,2021,11.6783614787847,109.25,14.3,20.9,,23.4
BFA,2022,11.265164215728,118.84,13.9,21.7,,
BFA,2023,11.3694599596704,,13.1,,,
BFA,2024,11.1839548315761,,,,4.5,
BWA,2000,14.0066522756851,95.79,,28.78,,22.8
BWA,2001,13.9167860606947,102.03,28.1,29.64,,23.1
BWA,2002,15.4824965121453,89.75,28.5,30.5,,22.6
BWA,2003,13.8653954843486,90.07,29,31.35,,21.5
BWA,2004,14.3651284562948,99.13,28.1,32.17,,19.6
BWA,2005,13.8227729221236,103.6,26.9,32.97,,20.3
BWA,2006,13.7255315104568,102.33,26.6,33.71,,18.8
BWA,2007,13.1253452026116,103.61,26.3,34.41,,20.4
BWA,2008,11.9671979715984,108.95,26,35.06,,23.9
BWA,2009,13.0645204084876,115.06,24.8,35.65,,25.5
BWA,2010,14.5849375368519,126.14,23.3,36.21,,25.2
BWA,2011,9.75189778868866,130.79,22,36.72,10.8,25.3
BWA,2012,8.8185812720602,127.68,21.3,37.21,,25.6
BWA,2013,8.15457134828099,115.07,20.8,37.68,,25.7
BWA,2014,7.77216933381986,99.91,20.1,38.15,,24.6
BWA,2015,8.74704477449503,105.37,20.3,38.61,,23.1
BWA,2016,11.0462807571227,94.72,20.9,39.07,,22.8
BWA,2017,12.537601456042,93.21,22.1,39.54,,22.1
BWA,2018,12.2000131292421,89.17,22.1,40.01,,20.9
BWA,2019,12.6666513242032,92.64,22.8,40.48,,19.5
BWA,2020,12.6618355122959,96.61,22.8,40.97,,21.2
BWA,2021,11.3983918537735,98.28,22.9,41.48,,19
BWA,2022,13.2953691030889,96.87,22.5,41.99,,
BWA,2023,16.2058105870723,,24,,,
BWA,2024,,,,,4.6,
CAF,2000,29.3347493965467,58.17,,11.93,,36.2
CAF,2001,26.953910571875,59.03,35.9,12.45,,35.3
CAF,2002,20.3500063860346,60.17,36.9,12.98,,36.1
CAF,2003,23.4488970904762,58.39,37.1,13.52,,34.4
CAF,2004,16.4830033994524,61.67,36.7,14.06,,34
CAF,2005,17.2316347803967,62.87,34.8,14.61,,32.5
CAF,2006,0.473760728207188,64.3,33,15.15,,33.8
CAF,2007,18.61193207568,67.9,31.2,15.68,,32.8
CAF,2008,25.9297883087381,69.03,29.4,16.2,,32.5
CAF,2009,39.3281248399223,70.92,27.6,16.71,,33.3
CAF,2010,28.0919170802993,96.14,26.7,17.2,,32.1
CAF,2011,31.2362825214539,99.01,26.3,17.68,3.2,34.9
CAF,2012,29.6181975376585,100.7,28.7,18.16,,32
CAF,2013,36.0369625938114,87.92,30.1,18.64,,32.4
CAF,2014,26.3645842639784,95.43,30.9,19.14,,33.1
CAF,2015,15.1610682300226,97.61,28.6,19.65,,33
CAF,2016,15.9203897560875,106.95,26.7,20.17,,33.2
CAF,2017,21.0707546481169,108.19,25.3,20.7,,32.7
CAF,2018,20.560841951453,119.2,24.4,21.26,,32.8
CAF,2019,16.7253326582599,134.09,25.2,21.83,,32.5
CAF,2020,16.4251347328943,141.82,26.6,22.42,,32.7
CAF,2021,20.6382073139557,144.9,29.2,23.04,,30.8
CAF,2022,16.9419623546387,147.99,29.6,23.67,,
CAF,2023,18.5071342295585,,29.8,,,
CAF,2024,20.9175124035838,,,,7.6,
CIV,2000,17.1845976432421,72.12,,19.68,,21.8
CIV,2001,21.0852870794468,69.16,18.9,20.58,,22.1
CIV,2002,22.5827907280846,67.86,18.9,21.48,,21.8
CIV,2003,22.4906253801467,67.61,18.3,22.38,,22.1
CIV,2004,17.1976904370795,70.7,17.9,23.26,,21.2
CIV,2005,14.6207860960417,72.15,17.6,24.12,,21.2
CIV,2006,17.2835431554942,75.15,17.5,24.94,,21
CIV,2007,17.4065188360687,71.95,17.5,25.71,,21.5
CIV,2008,19.6128646777742,77.42,17.5,26.42,,22.3
CIV,2009,23.1919004111559,72.05,17.6,27.09,,23.4
CIV,2010,19.2460056507178,75.95,16.9,27.69,,24.6
CIV,2011,25.1280174581878,77.72,16,28.25,4.9,25.1
CIV,2012,20.0116663868356,83.99,15.1,28.77,,25.3
CIV,2013,14.5200385287569,86.32,15.5,29.28,,25.1
CIV,2014,16.8423512990381,94.7,14.6,29.79,,24.5
CIV,2015,17.5692676559409,104.41,13.5,30.32,,24.1
CIV,2016,21.520688655588,100.89,11.5,30.87,,23.8
CIV,2017,20.9293744697827,109.42,10.6,31.44,,23.6
CIV,2018,21.0509451648051,114.55,9.8,32.02,,23.5
CIV,2019,21.3625721757374,116.76,9.4,32.63,,23.3
CIV,2020,21.5850332928208,119.18,9.2,33.25,,23.8
CIV,2021,21.9969486166126,119.97,9.7,33.89,,22.7
CIV,2022,17.9852160918608,121.86,10.4,34.54,,
CIV,2023,16.8590606859451,,11.1,,,
CIV,2024,20.4552406809332,,,,5,
CMR,2000,18.158905834378,45.54,,24.74,0,26.2
CMR,2001,15.4646787502966,46.3,24.2,25.85,,27.1
CMR,2002,18.056636788873,46.89,22,26.95,,27.2
CMR,2003,17.6074754303822,48.68,19.6,28.05,,27.7
CMR,2004,18.3156675655433,50.7,16.8,29.11,,27.4
CMR,2005,17.3475176208791,58.62,13.8,30.12,,27.5
CMR,2006,17.9558780421158,62.81,11.2,31.07,,27.3
CMR,2007,21.347230428153,66.75,9.1,31.95,,27.3
CMR,2008,23.7856698771506,70.59,7.3,32.75,,27.3
CMR,2009,26.8274047050423,75.79,5.9,33.46,,27.1
CMR,2010,17.7001357720591,81.32,4.9,34.08,,27
CMR,2011,25.0971214952883,83.07,4.3,34.62,6.1,26.8
CMR,2012,19.381309913481,88.13,4.1,35.09,,27
CMR,2013,22.2746782982844,91.23,4.2,35.52,,27
CMR,2014,17.3942389697154,95.62,4.5,35.94,,27.2
CMR,2015,19.8727796656184,101.11,4.8,36.35,,26.8
CMR,2016,21.9485619573473,103.27,5.4,36.77,,26.3
CMR,2017,22.8141277684289,103.19,6,37.19,,25.7
CMR,2018,20.0391865522141,107.35,6.2,37.62,,25.2
CMR,2019,20.3772701810346,104.17,6.1,38.07,,24.9
CMR,2020,22.5919777016995,103.53,5.9,38.53,,25.3
CMR,2021,22.3168382266743,104.44,5.5,39,,24.3
CMR,2022,24.5474353251023,107.84,5.1,39.47,,
CMR,2023,21.7495498286128,,4.8,,,
CMR,2024,,,,,6.9,
COD,2000,,49.66,,10.23,,26.8
COD,2001,,48.55,26.8,10.68,,26.9
COD,2002,,47.58,27.2,11.15,,26.6
COD,2003,,47.86,27.2,11.64,,27
COD,2004,,48.09,27.3,12.15,,26.9
COD,2005,,48.32,27.3,12.66,,26.5
COD,2006,,48.54,27.4,13.17,,26.2
COD,2007,,48.87,27.6,13.69,,26.4
COD,2008,,49.27,27.7,14.21,,26.5
COD,2009,,52.46,28.4,14.72,,26.1
COD,2010,,82.35,28.7,15.22,,26
COD,2011,,85.97,29.6,15.71,3.1,25.7
COD,2012,,87.45,30.5,16.21,,25.5
COD,2013,,92.45,30.8,16.7,,25.3
COD,2014,,98.72,31.1,17.21,,25.2
COD,2015,14.1348794371787,99.26,31.7,17.73,,25.2
COD,2016,15.2084212686296,102.02,32.3,18.27,,25.1
COD,2017,13.3983576538355,103.91,32.7,18.82,,25.2
COD,2018,8.55138709790225,106.34,32.5,19.38,,25.1
COD,2019,7.65700170576939,108.52,34.1,19.96,,24.7
COD,2020,9.33668985681507,113.23,35.2,20.55,,25.5
COD,2021,10.8817793576096,118,36.6,21.16,,25.1
COD,2022,7.89774708475255,122.79,37.3,21.79,,
COD,2023,4.76738036029683,,38.5,,,
COD,2024,,,,,7.7,
COG,2000,,58.11,,18.46,,36.5
COG,2001,,59.53,26.3,19.03,,34.1
COG,2002,,60.25,25.9,19.59,,32.1
COG,2003,,62.63,26,20.12,,30.1
COG,2004,,66.13,27.2,20.62,,30.3
COG,2005,,70.66,28.4,21.08,,29.4
COG,2006,,73.69,30.5,21.5,,27.5
COG,2007,5.63035871212442,76.9,32.6,21.87,,27.2
COG,2008,8.15237266409826,81.28,34.9,22.19,,26.7
COG,2009,8.75859931011056,84.44,37.7,22.46,,26.7
COG,2010,7.02364437706801,85.08,40.4,22.68,,26.2
COG,2011,5.73926285158572,88.66,40.5,22.86,5.5,25.9
COG,2012,6.07426293188047,92.69,37.4,23.02,,25.8
COG,2013,6.85412807403364,93.42,32.7,23.15,,25.2
COG,2014,6.23817491371187,98.96,29.6,23.26,,24.4
COG,2015,5.09959512353972,102.35,29.4,23.37,,23.4
COG,2016,4.04888949846285,98.69,29.6,23.47,,22.4
COG,2017,13.8256465553812,99.98,30.2,23.57,,21.9
COG,2018,15.5154182694521,101.35,29.7,23.67,,22.4
COG,2019,25.0494616970264,101.44,29,23.78,,23
COG,2020,31.3124132378392,102.18,27.7,23.9,,21.9
COG,2021,31.7125632215035,105.06,27.2,24.03,,21.2
COG,2022,24.5432926284533,106.13,26.8,24.16,,
COG,2023,21.2405849167454,,26.4,,,
COG,2024,,,,,8.1,
COM,2000,43.3742587517982,71.57,,23.69,,26.3
COM,2001,38.5070228221442,73.43,24.7,24.58,,25.5
COM,2002,40.1956985075193,62.1,20.7,25.5,,24.7
COM,2003,38.0403450232688,62.07,18,26.42,,23.8
COM,2004,43.9010196224728,67.73,16.6,27.34,,23
COM,2005,34.1799864577778,73.08,16.3,28.24,,22.7
COM,2006,28.2095975405371,88.93,16.1,29.14,,22.2
COM,2007,19.5114076786172,91.58,15.8,30.02,,22.1
COM,2008,48.0315793281904,93.68,15.4,30.88,,22.1
COM,2009,39.0943183497144,96.56,15.3,31.73,,21.4
COM,2010,38.0483720613481,98.51,15.6,32.57,,21.3
COM,2011,40.8349994042438,99.91,15.9,33.4,8.4,21.3
COM,2012,41.950391176806,100.19,15.6,34.22,,21.1
COM,2013,36.1226374704807,101.46,15,35.05,,20.9
COM,2014,41.5193063348923,99,14.5,35.88,,21.3
COM,2015,45.305357679206,98.76,14,36.73,,21.2
COM,2016,49.2211693154898,102.24,13.5,37.59,,21.1
COM,2017,34.9338624970661,102.62,13.1,38.45,,20.8
COM,2018,42.053864617836,104.19,13.2,39.3,,20.5
COM,2019,42.6978479518729,104.72,13.5,40.17,,20.3
COM,2020,37.6425255166014,105.85,14.3,41.06,,21
COM,2021,25.311775671036,106.13,15.6,41.97,,20.2
COM,2022,46.8234744914721,106.65,16.2,42.88,,
COM,2023,42.0679880779038,,15.4,,,
COM,2024,,,,,10.8,
CPV,2000,31.0006644205063,102.75,,26.7,,16.6
CPV,2001,33.7409483757171,97.54,16.2,27.81,,16.4
CPV,2002,29.8187239229832,91.67,16.1,28.93,,16.3
CPV,2003,30.7560616633405,92.17,14.8,30.05,,16.2
CPV,2004,30.2069856600229,94.58,13,31.15,,16.1
CPV,2005,30.505796380265,93.4,12.7,32.22,,16.2
CPV,2006,29.1714029575659,91.64,13.1,33.26,,15.1
CPV,2007,25.6865014933414,97.89,14.1,34.26,,14.7
CPV,2008,27.6576815135857,91.88,15,35.19,,14.7
CPV,2009,29.4438689422713,95.51,15.2,36.07,,14.6
CPV,2010,27.7459586227402,92.52,14.7,36.92,,14.3
CPV,2011,25.3956669143904,96.86,14.1,37.73,5.4,14.4
CPV,2012,27.9386991242578,100.35,14.6,38.5,,14.7
CPV,2013,32.1516859089998,104.66,15.3,39.26,,14.7
CPV,2014,28.4421586004644,99.26,16.3,40.02,,14.5
CPV,2015,32.4650529556349,100.69,16.6,40.8,,14.6
CPV,2016,30.8701655531076,100.05,16.5,41.6,,14.7
CPV,2017,30.0997528072801,87.69,15.5,42.42,,14.9
CPV,2018,30.1994885008568,73.43,14.8,43.24,,17.3
CPV,2019,19.7766587982554,73.93,13.4,44.09,,17.3
CPV,2020,21.9844405841014,75.67,12.6,44.95,,17.4
CPV,2021,21.2428463226937,75.92,12.1,45.81,,17.2
CPV,2022,19.2720142927348,74.78,12.8,46.69,,
CPV,2023,20.2119970579194,,13.5,,,
CPV,2024,32.5608876520847,,,,6.8,
ERI,2000,37.4082326909517,75.73,,7.35,,33.8
ERI,2001,30.0207545664577,82.76,,7.69,,32.5
ERI,2002,30.8928780908161,69.3,,8.05,,32.1
ERI,2003,45.5713792180839,77.64,,8.42,,30.6
ERI,2004,,79.71,,8.8,,30.7
ERI,2005,,100.23,,9.19,,30.6
ERI,2006,,99.62,,9.58,,30.5
ERI,2007,,111.66,,9.97,,30
ERI,2008,,78.84,,10.37,,30.2
ERI,2009,,93.64,,10.77,,30.3
ERI,2010,,95.24,,11.17,,30
ERI,2011,,101.02,,11.58,3.6,29.5
ERI,2012,,102.06,,12.01,,29
ERI,2013,,100.5,,12.45,,28.9
ERI,2014,,100.19,,12.91,,28.5
ERI,2015,,99.2,,13.39,,28.4
ERI,2016,,100.6,,13.88,,28
ERI,2017,,103.34,,14.39,,27.8
ERI,2018,,103.86,,14.91,,27.7
ERI,2019,,104.62,,15.46,,27.3
ERI,2020,,104.93,,16.02,,27.9
ERI,2021,,105.5,,16.6,,27.3
ERI,2022,,106.08,,17.21,,
ERI,2023,,,,,,
ERI,2024,,,,,4.4,
ETH,2000,7.00618262842159,40.55,,4.99,,25.3
ETH,2001,14.5465476769229,42.57,46.1,5.18,,24.4
ETH,2002,11.2325753357011,47.96,43.2,5.38,,23.7
ETH,2003,24.1568178466376,49.02,41.6,5.59,,23
ETH,2004,12.3023188784191,52.07,39.1,5.8,,22.5
ETH,2005,10.5910136769419,57.38,36.4,6.02,,21.8
ETH,2006,8.46838136434838,59.6,32.7,6.25,,21
ETH,2007,7.0128716150833,64.2,29.4,6.48,,20.3
ETH,2008,13.1682987368127,67.89,26.3,6.7,,19.9
ETH,2009,10.8609687271109,72.11,23.9,6.93,,19.3
ETH,2010,10.8818231032271,82.49,22.4,7.16,,18.8
ETH,2011,14.3759542950793,82.65,21.2,7.41,3.4,18.4
ETH,2012,10.9430232166,85.12,19.8,7.66,,17.9
ETH,2013,12.530803211071,90.58,17.7,7.92,,17.2
ETH,2014,8.95942983607244,96.71,15.2,8.2,,16.9
ETH,2015,9.77249762984108,101.14,13.6,8.49,,17.2
ETH,2016,13.1176685714478,102.15,13,8.79,,17.1
ETH,2017,12.3849513836437,106.31,14.1,9.1,,17.1
ETH,2018,15.0551986612583,106.33,16.1,9.43,,17.1
ETH,2019,12.1948705346236,110.17,18.5,9.76,,17.2
ETH,2020,18.3984132423039,119.74,20.3,10.12,,17.3
ETH,2021,28.1676089683881,113.71,20.6,10.49,,16.8
ETH,2022,23.8028758749573,116.31,20.2,10.87,,
ETH,2023,13.8401468775133,,19.7,,,
ETH,2024,,,,,4.4,
GAB,2000,18.2397240119533,77.05,,30.74,,24.7
GAB,2001,18.3217530684605,75.72,10.6,31.71,,24.4
GAB,2002,15.8776189591102,77.26,12,32.69,,22.8
GAB,2003,15.039302243983,77.85,13.1,33.66,,23.1
GAB,2004,24.2394291119064,77.63,13.8,34.6,,22.6
GAB,2005,19.0950973813624,78,14.3,35.52,,24.1
GAB,2006,16.621342914733,78.16,14.5,36.4,,24.1
GAB,2007,18.1142034178639,80.06,14.4,37.23,,22.7
GAB,2008,17.5381102958195,83.41,14.3,38.01,,22.5
GAB,2009,17.1436958924292,85.4,14.4,38.75,,23.2
GAB,2010,15.6948379159592,88.13,14,39.43,,22.9
GAB,2011,18.4863389762419,92.77,13.5,40.07,10.3,22.7
GAB,2012,9.28486229839245,91.95,13,40.67,,21.9
GAB,2013,9.62311938565674,96.58,13.1,41.25,,22
GAB,2014,6.34914629533023,99.11,13.3,41.83,,23.5
GAB,2015,8.86573303494737,100.04,14.1,42.42,,23.5
GAB,2016,11.0212744771966,100.85,15.3,43.02,,22.8
GAB,2017,14.7766431504621,102.19,16.4,43.64,,22.2
GAB,2018,16.3803209884739,102.81,17.5,44.27,,21.9
GAB,2019,14.331102320639,103.98,18.6,44.91,,21.5
GAB,2020,16.6439688465321,103.84,19.7,45.56,,19.2
GAB,2021,16.9063207335254,104.82,21.3,46.23,,18.1
GAB,2022,15.3299541775162,105.76,23.5,46.9,,
GAB,2023,15.715777594256,,25.3,,,
GAB,2024,,,,,8.5,
GHA,2000,12.7592190948003,52.11,,21,,24.5
GHA,2001,18.1992163313309,54.25,14.8,22.02,,25.1
GHA,2002,19.5641722154173,60.07,13.4,23.04,,25.2
GHA,2003,16.1023479327627,62.42,12.6,24.07,,25.3
GHA,2004,20.7803532130101,64.59,12,25.07,,25.2
GHA,2005,13.8967790461099,66.33,11.1,26.04,,25.2
GHA,2006,13.4481786821341,68.26,10.4,26.96,,25.2
GHA,2007,14.3991098576178,66.65,9.2,27.83,,25.4
GHA,2008,14.7565513004193,74.63,8.1,28.63,,25.5
GHA,2009,16.336731038405,81.98,6.9,29.36,,25.7
GHA,2010,15.3319197029094,83.94,6.9,30.02,,25.4
GHA,2011,15.4000827958104,87.25,7.3,30.62,5,25.4
GHA,2012,13.867723380365,92.17,7.7,31.18,,25
GHA,2013,16.8214830673867,94.83,8,31.71,,24.7
GHA,2014,20.7085709026088,99.06,8.7,32.23,,24.4
GHA,2015,15.1631137091062,99.74,9.4,32.76,,24.2
GHA,2016,14.6049033294353,101.19,9.5,33.3,,23.9
GHA,2017,18.2916723569764,107.89,8.8,33.85,,23.6
GHA,2018,20.0673120919156,113.03,7.5,34.41,,23.2
GHA,2019,17.406953900926,119.42,6.6,34.98,,22.8
GHA,2020,,122.4,5.7,35.55,,22.8
GHA,2021,17.4030499021968,130.54,5.6,36.14,,22.2
GHA,2022,14.8463107000708,135.5,5.9,36.73,,
GHA,2023,13.69452189875,,6.3,,,
GHA,2024,,,,,2.7,
GIN,2000,24.1715658601992,55.41,,13.05,,24.1
GIN,2001,23.4879911036672,55.11,18,13.78,,24.5
GIN,2002,23.0791736712276,58.16,17.8,14.53,,24.9
GIN,2003,,61,16.9,15.29,,25
GIN,2004,19.3323496375987,63.71,16.4,16.07,,25.2
GIN,2005,15.8383082816304,66.51,16.4,16.84,,24.9
GIN,2006,25.6182687654943,68.82,16.8,17.62,,25.5
GIN,2007,16.9118340979961,71.81,17.2,18.37,,25.8
GIN,2008,13.2340260831581,75.63,17.7,19.1,,25.9
GIN,2009,,75.54,18.4,19.8,,25.9
GIN,2010,,81.92,18.1,20.46,,26.4
GIN,2011,,86.38,17.2,21.1,4.4,26.3
GIN,2012,,88.68,15.5,21.71,,26.2
GIN,2013,21.654251873358,92.35,14.2,22.32,,25.9
GIN,2014,25.3527989641689,95.45,13.6,22.94,,25.9
GIN,2015,23.4474279327957,99.94,13.6,23.57,,25.8
GIN,2016,26.5754022109152,104.6,14,24.23,,25.5
GIN,2017,,110.68,14,24.9,,25.3
GIN,2018,,115.61,13.4,25.6,,24.9
GIN,2019,,124.53,12.5,26.31,,24.5
GIN,2020,,131.33,11.1,27.04,,24.4
GIN,2021,,138.17,10.4,27.79,,23.6
GIN,2022,,144.8,10.4,28.55,,
GIN,2023,,,11.4,,,
GIN,2024,,,,,4.6,
GMB,2000,34.4953031799041,108.99,,15.32,,24
GMB,2001,40.9989776196766,117.03,16.9,16.48,,24.2
GMB,2002,37.1017349758859,79.77,18.9,17.7,,24.3
GMB,2003,37.5997189415948,99.12,19.9,18.97,,24.4
GMB,2004,40.8419087092408,119.63,19.1,20.28,,24.6
GMB,2005,37.7289187149481,105.74,17.6,21.59,,24.2
GMB,2006,31.1899749109051,111.2,15.5,22.91,,23.6
GMB,2007,30.8678394372224,86.12,13.7,24.21,,23.5
GMB,2008,33.6226822428083,115.32,12,25.47,,23.6
GMB,2009,39.0127342456712,133.75,10.5,26.69,,23.4
GMB,2010,45.4547281010804,147.52,9.7,27.86,,22.8
GMB,2011,32.8406257309779,99.71,9.5,28.96,2,23
GMB,2012,33.1841807085246,119.79,10.2,30.02,,23.1
GMB,2013,37.2824309455002,109.71,11.1,31.05,,22.9
GMB,2014,41.0232109723769,98.01,11.9,32.09,,23.1
GMB,2015,37.3424837563614,108.07,12.6,33.14,,23
GMB,2016,43.033803801892,93.93,12.8,34.21,,23
GMB,2017,33.0354914197728,80.78,14.2,35.29,,23.1
GMB,2018,32.235941932741,56.75,15,36.39,,22.9
GMB,2019,33.1605556156461,62.04,16.8,37.51,,23
GMB,2020,28.8139237329338,63.22,18,38.64,,22.9
GMB,2021,23.0608669245295,65.74,18.9,39.79,,21.8
GMB,2022,18.1979695251988,71.08,18.3,40.94,,
GMB,2023,7.30686278959141,,16.8,,,
GMB,2024,22.0074820986003,,,,5.5,
GNB,2000,,66.27,,16.63,,33
GNB,2001,,67.89,15.6,17.47,,32.1
GNB,2002,,67.79,16,18.32,,31
GNB,2003,62.416018386306,68.21,16.9,19.18,,30.8
GNB,2004,39.1822412796123,71.11,18,20.04,,30.7
GNB,2005,50.6918420625702,75.69,18.6,20.89,,29.4
GNB,2006,,78.52,19.3,21.71,,29.2
GNB,2007,,78.81,20,22.5,,28.9
GNB,2008,,90.83,20.7,23.25,,28.4
GNB,2009,,89.23,21.5,23.96,,28.4
GNB,2010,,95.17,22.6,24.61,,28.1
GNB,2011,,92.48,23.7,25.23,3,27.4
GNB,2012,,98.46,25.1,25.81,,26.9
GNB,2013,,100.73,29.1,26.37,,26.6
GNB,2014,40.5558343745731,95.56,30.1,26.94,,26.7
GNB,2015,50.4525371630079,100.94,28,27.53,,26.9
GNB,2016,46.1130322244442,103.5,19.8,28.13,,26.6
GNB,2017,46.0194884082423,105.11,13.6,28.75,,26.4
GNB,2018,41.7103517219214,107.12,12.4,29.39,,25.7
GNB,2019,,112.35,13.1,30.05,,26.1
GNB,2020,,116.72,16.7,30.72,,26.8
GNB,2021,,120.96,19.5,31.41,,25.3
GNB,2022,,122.25,22,32.12,,
GNB,2023,,,22.1,,,
GNB,2024,,,,,4.8,
GNQ,2000,,76.37,,26.19,,27.9
GNQ,2001,,76.93,,27.03,,26.1
GNQ,2002,,75.54,,27.85,,24.4
GNQ,2003,,78.59,,28.66,,24
GNQ,2004,,79.36,,29.44,,23.2
GNQ,2005,,82.13,,30.19,,22.1
GNQ,2006,,84.1,,30.91,,21.1
GNQ,2007,,87.57,,31.59,,20.2
GNQ,2008,,88.84,,32.24,,20.4
GNQ,2009,,88.75,,32.83,,20.2
GNQ,2010,,92.27,,33.39,,20.2
GNQ,2011,,94.18,,33.9,4.2,20.2
GNQ,2012,,96.1,,34.36,,19.9
GNQ,2013,,95.75,,34.81,,18.8
GNQ,2014,,97.47,,35.27,,18.5
GNQ,2015,,102.86,,35.73,,19.1
GNQ,2016,,99.67,,36.22,,19.8
GNQ,2017,,101.74,,36.71,,20.2
GNQ,2018,,102.58,,37.21,,21
GNQ,2019,,104.54,,37.73,,21.1
GNQ,2020,,103.53,,38.3,,21.1
GNQ,2021,,102.85,,38.91,,20.3
GNQ,2022,,103.43,,39.51,,
GNQ,2023,,,,,,
GNQ,2024,,,,,8.2,
KEN,2000,13.9479779658172,58.55,,17.11,,15.6
KEN,2001,13.3669391879521,66.11,31.8,17.82,,15.6
KEN,2002,11.268070283505,67.9,33.3,18.55,,15.9
KEN,2003,12.1889429385749,69.79,34.5,19.3,,16.2
KEN,2004,10.3917860456964,72.96,31.6,20.06,,16.6
KEN,2005,9.47550244125543,81.11,28,20.82,,16.9
KEN,2006,9.23069578310042,82.95,25.8,21.58,,17.1
KEN,2007,11.0141357643369,87.81,26.8,22.33,,17.5
KEN,2008,11.6387017212626,88.32,26.7,23.08,,17.9
KEN,2009,15.3964665440165,89.82,24.3,23.82,,18.2
KEN,2010,12.0527691103933,98.14,21.7,24.56,,18.6
KEN,2011,,93.55,19.9,25.28,5.1,18.9
KEN,2012,,96.4,19.1,26.01,,17.1
KEN,2013,10.7248483645404,101.73,18.9,26.74,,17.9
KEN,2014,,102.26,19,27.48,,18.1
KEN,2015,11.2769622078875,102.07,20.8,28.23,,18.3
KEN,2016,12.3590906167827,95.67,22.2,28.98,,18.2
KEN,2017,18.899750728629,90.64,23.6,29.74,,18.7
KEN,2018,14.0491243531296,100.31,22.9,30.51,,19.4
KEN,2019,14.6181649110231,107.28,23.7,31.29,,19.1
KEN,2020,16.8408243526996,125.82,26.3,32.08,,18.8
KEN,2021,15.9779383697722,123.29,31.6,32.89,,18
KEN,2022,16.4130221428394,112.38,35.3,33.71,,
KEN,2023,18.8247071859348,,36.8,,,
KEN,2024,16.258423021928,,,,3.1,
LBR,2000,,68.85,,18.46,,23.1
LBR,2001,,66.58,34.9,19.42,,22.6
LBR,2002,,64.36,36.2,20.4,,23.2
LBR,2003,,64.5,35.9,21.4,,22.1
LBR,2004,,66.09,36,22.4,,23
LBR,2005,,70.52,35.7,23.4,,22
LBR,2006,,72.46,35.4,24.37,,22.2
LBR,2007,,79.52,35.1,25.32,,22.1
LBR,2008,,86.04,34.9,26.23,,22.1
LBR,2009,,86.47,34.8,27.09,,23
LBR,2010,,88.49,35.2,27.9,,23.6
LBR,2011,,91.39,35.6,28.65,3.3,24.1
LBR,2012,,93.77,36.5,29.35,,23.7
LBR,2013,,90.39,36.4,30.05,,22.9
LBR,2014,,92.45,36.6,30.78,,22.6
LBR,2015,,96.64,35.7,31.53,,22.7
LBR,2016,,110.91,35.1,32.33,,22.5
LBR,2017,26.5597866091246,92.63,34.9,33.16,,22.4
LBR,2018,21.8434167528347,94.53,35.3,34.04,,22
LBR,2019,28.2606821738141,97.46,36.6,34.95,,22
LBR,2020,25.8661754983841,100.6,37.5,35.91,,22.4
LBR,2021,26.432854011667,100.2,37.7,36.9,,22
LBR,2022,24.4204011896133,102.67,37,37.93,,
LBR,2023,23.0903875580164,,35.5,,,
LBR,2024,,,,,9.2,
LSO,2000,17.6171105554725,104.41,,31.66,,23.6
LSO,2001,27.0049502909412,121.06,,32.16,,22.7
LSO,2002,23.0564430966299,100.78,,32.67,,23.6
LSO,2003,19.3398362724309,95.68,,33.19,,25.6
LSO,2004,15.6157531336272,95.55,,33.7,,26.3
LSO,2005,,101.84,,34.22,,28.9
LSO,2006,,89.2,,34.73,,30.4
LSO,2007,26.0551875035344,97.46,,35.19,,31.2
LSO,2008,25.4832223563577,98.13,,35.63,,29.7
LSO,2009,28.9460887558566,89.79,,36.08,,29.2
LSO,2010,19.6546929332753,104.6,,36.5,,34.5
LSO,2011,23.3409378044302,106.06,,36.91,3.4,35.2
LSO,2012,20.3451248313731,105.27,,37.32,,31.4
LSO,2013,17.9886685158177,105.99,,37.73,,33.3
LSO,2014,20.6461688288392,106.67,,38.16,,36.5
LSO,2015,19.9273142694149,100.76,,38.6,,38
LSO,2016,21.2274740174451,92.56,,39.07,,38
LSO,2017,19.4545128256261,114.07,,39.55,,36.9
LSO,2018,19.0604977582705,107.66,,40.06,,36.9
LSO,2019,19.8190806954934,89.79,,40.57,,36.9
LSO,2020,22.0511768944192,91.06,,41.12,,37.5
LSO,2021,20.6696434492677,102.16,,41.68,,36.3
LSO,2022,24.0244253306656,98.67,,42.27,,
LSO,2023,22.5085951092009,,,,,
LSO,2024,22.952180868707,,,,6.2,
MDG,2000,13.1791903041482,73.27,,7.56,,29.4
MDG,2001,14.3861363803678,74.63,33.4,7.86,,29
MDG,2002,15.9475604565603,73.41,34.8,8.17,,29.5
MDG,2003,18.3188710729327,75.47,36.1,8.49,,29.8
MDG,2004,14.585205063439,78.75,34.6,8.83,,29.8
MDG,2005,15.3635531630811,88.57,32.9,9.17,,29.2
MDG,2006,14.5107553360237,90.72,30.6,9.53,,28.8
MDG,2007,15.3042849420161,92.61,30.2,9.88,,28.3
MDG,2008,10.5347969052683,95.64,30,10.25,,28
MDG,2009,10.6225991650987,102.69,29.4,10.61,,27.9
MDG,2010,13.5489307345398,104.79,28.1,10.99,,27.8
MDG,2011,17.8520640233839,104.2,27.4,11.38,4.7,27.7
MDG,2012,15.9995983955046,108.38,28.6,11.79,,27.2
MDG,2013,17.1883979239584,97.78,30.1,12.22,,27
MDG,2014,16.0016809653478,101.05,32.1,12.66,,27.2
MDG,2015,14.1196398261312,98.72,33.3,13.12,,26.8
MDG,2016,15.4853011585631,100.23,35,13.6,,26.9
MDG,2017,19.9432334426958,97.92,36,14.11,,26.6
MDG,2018,17.1819354239755,100.64,37.5,14.64,,26.5
MDG,2019,16.510172892008,101.6,38.9,15.19,,26.5
MDG,2020,20.3096799097523,102.17,40.6,15.76,,27
MDG,2021,21.5069929784188,103.9,39.9,16.35,,25.9
MDG,2022,19.1718470962876,105.91,39.9,16.97,,
MDG,2023,18.0933612117187,,39.5,,,
MDG,2024,,,,,4.6,
MLI,2000,14.0307573183783,42.74,,14.81,,25.8
MLI,2001,14.3209096637092,44.28,14.2,15.75,,25.5
MLI,2002,17.7394509429263,44,13.3,16.72,,25.4
MLI,2003,17.9652369506671,51.95,13.2,17.71,,25
MLI,2004,13.6899106078829,49.59,12.4,18.71,,24.7
MLI,2005,16.4928664802613,56.13,11.2,19.7,,24.5
MLI,2006,17.2549055068181,56.84,9.8,20.67,,24.5
MLI,2007,14.8063693888379,66.48,8.5,21.61,,24.8
MLI,2008,12.4485027598927,76.8,7.4,22.51,,25.1
MLI,2009,,83.77,6.7,23.35,,25.1
MLI,2010,11.6292930550393,80.17,6.2,24.14,,24.9
MLI,2011,13.7300229175172,87.96,5.8,24.88,1.9,24.9
MLI,2012,13.6844691760277,87.28,5.4,25.59,,25.1
MLI,2013,,90.94,5.2,26.28,,25.2
MLI,2014,,89.03,5,26.99,,25.3
MLI,2015,,98.09,4.9,27.71,,25.4
MLI,2016,16.1206377359036,112.88,4.5,28.45,,25.1
MLI,2017,16.8688060349601,113.15,4.6,29.21,,24.8
MLI,2018,14.6304765515477,123.73,4.6,29.99,,24.6
MLI,2019,13.9028278784805,127.62,4.8,30.79,,24.2
MLI,2020,15.1778274370912,136.86,4.7,31.61,,24.2
MLI,2021,16.7519468299586,126.5,7.3,32.44,,23
MLI,2022,13.351534281382,136.03,9.9,33.29,,
MLI,2023,13.5059344388347,,12.3,,,
MLI,2024,,,,,4.8,
MOZ,2000,14.0066144857989,72.36,,12.33,,21.9
MOZ,2001,13.257737733351,74.97,36.4,12.84,,21.2
MOZ,2002,11.812290985857,64.12,34.9,13.37,,21.2
MOZ,2003,13.5709344121262,82.17,32.8,13.93,,20.9
MOZ,2004,14.7401183259255,82.94,30.9,14.5,,21
MOZ,2005,14.9657971055512,76.23,29.2,15.09,,21.3
MOZ,2006,13.7608110564344,84.63,27.3,15.68,,22.7
MOZ,2007,17.7673907682063,85.33,25.4,16.29,,25.5
MOZ,2008,14.2100699496618,79.81,23.6,16.9,,26.3
MOZ,2009,15.4226612630447,97.77,21.7,17.52,,27.1
MOZ,2010,11.6065462664862,110.52,20,18.14,,27.9
MOZ,2011,12.3339127610537,117.35,19.9,18.78,3.1,28.1
MOZ,2012,12.9572174469026,118.49,21.6,19.43,,28
MOZ,2013,10.662764554212,109.38,26.4,20.11,,28.7
MOZ,2014,12.5365192783501,102.08,32.6,20.8,,29.7
MOZ,2015,11.9045050780957,96.05,39.9,21.52,,29.6
MOZ,2016,14.9936398825321,101.87,41.6,22.25,,30.2
MOZ,2017,14.7212509931123,116.87,38.3,23,,30.3
MOZ,2018,15.0308668955999,134.67,32.5,23.79,,29.8
MOZ,2019,16.2124978067881,139.27,28.3,24.59,,28.7
MOZ,2020,19.6800151968513,140.99,25.8,25.42,,28.8
MOZ,2021,20.154961237248,153.68,22.8,26.28,,26.6
MOZ,2022,11.9681362888777,161.67,21.8,27.16,,
MOZ,2023,17.4892658464209,,21.8,,,
MOZ,2024,19.5889066152119,,,,3,
MRT,2000,18.6830138117669,70.26,,27.73,,20.8
MRT,2001,18.3690372046714,70.21,9.8,28.89,,20.4
MRT,2002,21.848775576065,73.68,9.2,30.08,,20
MRT,2003,24.4396361169481,76.33,9.5,31.25,,19.6
MRT,2004,10.777222912091,76.68,9.5,32.4,,19.6
MRT,2005,10.2254337451507,78.97,10.3,33.52,,18.7
MRT,2006,25.0293289231572,78.44,9.3,34.6,,18.7
MRT,2007,25.475562506026,79.24,8.4,35.62,,18.7
MRT,2008,28.2297722250547,78.02,7.3,36.56,,18.3
MRT,2009,29.0703615169221,78.17,7.1,37.41,,18.3
MRT,2010,19.3979099718354,86.37,7,38.21,,18.1
MRT,2011,14.4736807111687,86.6,6.5,38.97,4.3,17.8
MRT,2012,15.2317695389575,93.23,6.2,39.71,,18.3
MRT,2013,11.016878540662,94.88,6.1,40.42,,18
MRT,2014,12.0475547587361,98.29,6.3,41.13,,18.1
MRT,2015,14.3122076742669,100.31,6.5,41.85,,18.1
MRT,2016,18.1557549556279,101.4,6.7,42.58,,18.1
MRT,2017,13.8180668404553,103.34,6.6,43.33,,18.3
MRT,2018,18.2390093894863,106.82,6.5,44.08,,18.3
MRT,2019,18.0097268890649,105.07,6.6,44.85,,18.4
MRT,2020,29.734432593819,108.39,7,45.62,,18.8
MRT,2021,25.2283531808011,114.44,7.8,46.41,,18.7
MRT,2022,23.8872147333572,116.51,8.6,47.19,,
MRT,2023,25.2900300589906,,8.7,,,
MRT,2024,23.8661948263684,,,,5.2,
MUS,2000,14.2315185392831,101.8,,42.86,15,29.2
MUS,2001,15.7446910311172,115.94,5.9,43.52,,29
MUS,2002,18.9417095986471,102.57,5.8,44.15,,28.9
MUS,2003,17.4472789801163,108.34,5.6,44.77,,28.4
MUS,2004,17.504483666999,111.91,5.6,45.35,,28.4
MUS,2005,16.6629153656852,105.6,5.4,45.9,,27.7
MUS,2006,16.4540320429031,105.13,5.4,46.42,,26.6
MUS,2007,18.8086523680508,99.72,5.6,46.88,,26.7
MUS,2008,20.8591071336707,103.86,5.4,47.3,,25.7
MUS,2009,21.5518564574863,107.8,5.5,47.66,,25
MUS,2010,20.982011702925,106.13,5.5,47.98,,24.3
MUS,2011,21.2489368100002,105.56,6.1,48.26,14.8,23.9
MUS,2012,21.4831129854135,102.45,6.5,48.51,,24
MUS,2013,22.0491189098212,100.81,6.7,48.74,,23.4
MUS,2014,21.1983843110669,102.85,6.8,48.97,,23.2
MUS,2015,21.9617382459632,99.92,7.1,49.2,,23.4
MUS,2016,24.1650303538415,97.23,7.2,49.45,,22.9
MUS,2017,23.986572421994,97.65,7.3,49.7,,22.9
MUS,2018,21.0041126642229,90.05,7.1,49.96,,23
MUS,2019,20.7602286684558,94.99,7.6,50.23,,22.8
MUS,2020,24.747136305123,80.3,7.5,50.52,,22.8
MUS,2021,21.6151579579228,83.6,7.7,50.82,,21.7
MUS,2022,21.361017761501,84.4,7.9,51.12,,
MUS,2023,22.5077635053641,,8.7,,,
MUS,2024,21.2177915969195,,,,20.1,
MWI,2000,9.8375491741077,42.33,,12.64,,27.3
MWI,2001,11.6347370367122,45.18,23.2,13.13,,26.5
MWI,2002,23.51568823685,35.75,23.4,13.63,,26
MWI,2003,17.3600759785098,40.9,24.1,14.15,,26.4
MWI,2004,17.3704343643148,43.1,23.2,14.67,,26.5
MWI,2005,18.2345070254401,37.03,21.5,15.2,,25.3
MWI,2006,15.1498017678089,49.27,19.3,15.73,,26.9
MWI,2007,11.1055697698524,56.83,17.5,16.25,,26.2
MWI,2008,13.0746295522472,56.89,15.9,16.76,,24.8
MWI,2009,12.6659887767309,65.88,14.7,17.26,,24.6
MWI,2010,14.4030045142398,67.19,14.1,17.76,,24.2
MWI,2011,13.0340094164028,70.65,13.9,18.25,5.6,24.3
MWI,2012,6.39868143746984,75,14.2,18.74,,24.4
MWI,2013,11.4277332274215,87.15,14.9,19.24,,24
MWI,2014,11.3195931781185,103,15.5,19.75,,24.2
MWI,2015,13.2612739232014,99.05,16.3,20.26,,24.6
MWI,2016,17.5610907730597,97.96,16.7,20.79,,25.1
MWI,2017,12.5411806593085,116.56,17.6,21.34,,25.8
MWI,2018,10.3285910360541,123.76,18.3,21.9,,26
MWI,2019,10.9853986815387,127.04,19.3,22.47,,26.1
MWI,2020,14.7088690292549,137.83,19.9,23.07,,26.1
MWI,2021,10.4173125189968,142.95,20.4,23.67,,24.9
MWI,2022,9.57678807872112,146.13,20.7,24.29,,
MWI,2023,8.94279490229731,,21.4,,,
MWI,2024,11.7955009669364,,,,5.7,
NAM,2000,16.8997438305921,106.96,,24.93,,25.7
NAM,2001,13.1218026878938,95.88,15.7,25.7,,25.7
NAM,2002,12.5660788845836,93.92,16.5,26.45,,26.2
NAM,2003,15.0080581041003,98.8,17.7,27.19,,26.3
NAM,2004,18.6010205781968,93.57,18.4,27.91,,25.9
NAM,2005,17.9089360146307,94.26,19.9,28.6,,25.3
NAM,2006,16.2140800337014,96.96,22,29.25,,24.2
NAM,2007,15.3955827708461,96.02,24.1,29.86,,23.4
NAM,2008,13.9837910075411,96.63,26.1,30.42,,23.1
NAM,2009,14.8227832503479,97.4,28.2,30.95,,24.2
NAM,2010,14.9078683195733,99.53,29.1,31.43,,23.9
NAM,2011,14.0894648898531,100.37,27.6,31.87,7.8,22.5
NAM,2012,13.0163978101322,104.05,25.1,32.29,,22.1
NAM,2013,13.0651956508833,100.6,23.3,32.69,,22.1
NAM,2014,11.4346268908266,102.42,22.5,33.09,,22.8
NAM,2015,12.3219158161416,99.79,21.7,33.49,,23.7
NAM,2016,12.7579450406711,97.79,20.6,33.9,,23.4
NAM,2017,13.5149881475784,104.94,20,34.31,,23.2
NAM,2018,11.2812687041413,102.01,19.2,34.73,,23.1
NAM,2019,15.4181626003536,96.12,18.9,35.16,,22.8
NAM,2020,16.3144541090351,95.9,18.5,35.6,,23.6
NAM,2021,15.210139175609,96.06,18.7,36.05,,23.1
NAM,2022,13.6490122778381,100.53,18.4,36.52,,
NAM,2023,13.5137778390088,,18.1,,,
NAM,2024,13.2170234792541,,,,5.3,
NER,2000,38.5463277247556,37.45,,9.49,,20.8
NER,2001,45.4352336985795,45.71,23.1,9.98,,21
NER,2002,37.8729406068288,50.91,22.2,10.48,,20.5
NER,2003,33.3370097231316,51.51,21.1,10.98,,20.7
NER,2004,30.9858485614994,47.22,19.1,11.49,,20.2
NER,2005,34.2053156102748,56.59,18,11.99,,20.4
NER,2006,27.8487487516202,61.24,17,12.48,,20.1
NER,2007,23.6291306529067,62.32,16.1,12.95,,20
NER,2008,24.8803579492327,76.05,15.2,13.39,,19.4
NER,2009,15.5486910629941,64.59,14.3,13.79,,19.7
NER,2010,15.117014562534,85.36,14.6,14.16,,19.8
NER,2011,15.8333478655778,74.94,14.8,14.49,4.2,20.2
NER,2012,31.7171706689323,84.68,15,14.8,,20.6
NER,2013,32.8575055020839,84.16,14.5,15.09,,20.8
NER,2014,24.7926172231321,89.86,13.7,15.37,,20.9
NER,2015,20.9864009654407,101.19,12.7,15.66,,20.9
NER,2016,32.4375188073072,108.95,12,15.96,,20.8
NER,2017,34.7431599441747,110.48,11.1,16.26,,20.7
NER,2018,29.856671176357,119.84,10.9,16.58,,20.7
NER,2019,27.6878239427059,119.01,10.1,16.91,,20.6
NER,2020,30.851228920892,128.32,10.9,17.26,,20.6
NER,2021,36.1604582257525,107.34,11.4,17.62,,20.2
NER,2022,25.5919996824091,132.61,12.7,18,,
NER,2023,19.6214412615414,,12.9,,,
NER,2024,37.8943639006801,,,,4.1,
NGA,2000,19.9176960380601,64.5,,19.94,,20.9
NGA,2001,21.7047274781102,64.33,8.7,20.85,,21.1
NGA,2002,19.5776400876136,67.65,8.7,21.77,,20.7
NGA,2003,15.4964791149288,70.53,8.8,22.69,,20.2
NGA,2004,,75.1,8.9,23.59,,20
NGA,2005,,79.33,9.1,24.46,,19.4
NGA,2006,17.9553387523989,84.33,9.2,25.29,,19.2
NGA,2007,20.0580120299638,79.1,9.4,26.08,,18.9
NGA,2008,9.77879049256357,84.11,9.6,26.81,,18.6
NGA,2009,11.8280770468373,75.54,9.9,27.47,,18.6
NGA,2010,10.2515671536613,85.24,10.4,28.08,,18.3
NGA,2011,30.5695044434974,78.94,11.1,28.61,4.8,18.1
NGA,2012,22.70974247371,86.95,11.7,29.1,,18
NGA,2013,17.829389789971,84.66,11.4,29.57,,17.9
NGA,2014,17.0271647267489,95.48,11.1,30.03,,17.6
NGA,2015,16.9489167794717,97.74,10.7,30.51,,17.4
NGA,2016,12.8506008688749,106.78,10.8,31,,17.3
NGA,2017,16.315758249379,109.08,11.5,31.5,,17.1
NGA,2018,10.9317924691619,114.06,12.1,32.02,,17.1
NGA,2019,9.91577486664113,109.77,14.3,32.56,,17.1
NGA,2020,14.6260809363327,112.64,15.8,33.12,,17.9
NGA,2021,14.1644968604555,117.33,17.6,33.69,,17.7
NGA,2022,11.4255288173072,119.85,18.7,34.27,,
NGA,2023,10.6947833248612,,19.9,,,
NGA,2024,11.0163409804076,,,,3,
RWA,2000,,69.08,,8.8,,37.6
RWA,2001,20.6929878969759,68.54,37.6,9.12,,34.7
RWA,2002,16.3405754011571,82.78,34.3,9.45,,31.8
RWA,2003,11.6928751118411,76.66,33.6,9.8,,29.1
RWA,2004,15.8401230381633,76.71,36,10.16,,26.9
RWA,2005,13.9770325807874,82.02,36.7,10.54,,25.1
RWA,2006,13.0936851275685,85.23,36.6,10.93,,23.9
RWA,2007,16.5724556461598,86.25,36.5,11.34,,23
RWA,2008,11.7416545661871,88.27,36.5,11.76,,22.3
RWA,2009,13.1738541349679,98.82,36,12.2,,21.6
RWA,2010,14.9248838545231,96.67,35.7,12.65,,21.2
RWA,2011,15.7386978176908,103.15,35.3,13.12,3.1,20.9
RWA,2012,15.6591611739594,112.24,35.5,13.62,,20.8
RWA,2013,17.4738421607533,116.48,35.7,14.13,,20.6
RWA,2014,17.0853162359295,96.82,37.1,14.67,,20.6
RWA,2015,15.4230566063129,101.11,35.8,15.23,,20.6
RWA,2016,17.0874256219315,102.07,33.7,15.81,,20.5
RWA,2017,22.5994817143072,105.24,31.9,16.42,,20.5
RWA,2018,20.6205088467776,110.27,32.7,17.05,,20.4
RWA,2019,16.9363320273748,112.61,35.6,17.7,,20.4
RWA,2020,16.6558975601936,113.66,34.7,18.37,,20.2
RWA,2021,19.8078434292183,117.85,31,19.07,,20
RWA,2022,22.4441780080013,117.31,26.6,19.79,,
RWA,2023,,,24.4,,,
RWA,2024,,,,,2.1,
SDN,2000,22.7338799158054,,,25.09,,26.7
SDN,2001,19.3382191934243,,,25.8,,26.3
SDN,2002,18.6785001293573,,,26.52,,26
SDN,2003,16.3937605458329,,,27.24,,25.5
SDN,2004,14.3889538704034,,,27.95,,25
SDN,2005,12.5114088757889,,,28.64,,24.6
SDN,2006,11.9052289664777,,,29.3,,24.2
SDN,2007,8.14465685912551,,,29.93,,24
SDN,2008,13.0272047364254,,,30.54,,24
SDN,2009,15.2121544515094,,,31.12,,23.7
SDN,2010,25.8755090057164,,,31.68,,23.2
SDN,2011,17.9778411692108,,,32.23,8.6,23.7
SDN,2012,22.2255511532903,81.05,,32.77,,23.4
SDN,2013,19.522500121755,94.64,8.7,33.31,,23.3
SDN,2014,25.4217512033133,103.29,8.4,33.86,,23.1
SDN,2015,20.5010125619895,91.74,8.9,34.42,,22.9
SDN,2016,36.341987786866,104.97,9.8,35,,22.8
SDN,2017,21.1766579626125,101.74,10.3,35.6,,22.7
SDN,2018,29.9100868799566,117.3,10.8,36.22,,22.8
SDN,2019,,113.32,10.8,36.87,,22.4
SDN,2020,,116.99,11.1,37.53,,22.6
SDN,2021,,110.7,11,38.22,,21.2
SDN,2022,,116.41,,38.92,,
SDN,2023,,,,,,
SDN,2024,,,,,19,
SEN,2000,23.3060482364924,69.3,,17.56,,24.5
SEN,2001,26.7721579084306,65.23,21.1,18.34,,24.5
SEN,2002,26.070214194478,44.04,20,19.13,,24.2
SEN,2003,29.5982982623442,60.01,18.6,19.91,,24
SEN,2004,28.2581997010509,60.36,17.1,20.67,,23.7
SEN,2005,28.1392529781177,69.18,15.8,21.41,,23.3
SEN,2006,23.3837753137178,58.9,14.6,22.11,,22.8
SEN,2007,25.0577923863196,53.12,12.2,22.78,,22.8
SEN,2008,25.9384236127982,80.36,10.9,23.4,,23.5
SEN,2009,24.1929512394574,88.89,10.3,23.97,,23.5
SEN,2010,22.4086929183221,97.29,10.9,24.49,,23
SEN,2011,22.9458522824339,68.54,11.1,24.97,3.2,22.8
SEN,2012,24.1457936923786,82.3,11.3,25.42,,22.9
SEN,2013,24.2283715794474,82.41,11.2,25.86,,23
SEN,2014,22.7818492675942,84.48,11.1,26.31,,23.3
SEN,2015,21.6889354846993,110.23,10,26.75,,22.8
SEN,2016,23.3512105457828,105.29,8.9,27.21,,22.8
SEN,2017,23.9899933080167,134.25,8,27.69,,22.6
SEN,2018,21.0437172546777,152.86,7.1,28.17,,22.3
SEN,2019,19.6091616510218,153.59,6.2,28.66,,22.4
SEN,2020,24.0121646294358,183.45,5.3,29.17,,22.4
SEN,2021,21.3602755148431,179.91,5.2,29.68,,21.4
SEN,2022,18.8118929208828,177.49,5.1,30.21,,
SEN,2023,18.5061079369258,,5.1,,,
SEN,2024,18.989000141093,,,,3.8,
SLE,2000,32.7205914951577,29.2,,13.82,,24.3
SLE,2001,,33.02,50,14.46,,25.1
SLE,2002,22.529513399096,39.59,49.2,15.1,,25.7
SLE,2003,,56.96,47,15.73,,25.9
SLE,2004,,63.39,44.4,16.35,,26.2
SLE,2005,,63.91,40.2,16.94,,26.4
SLE,2006,,78.03,36,17.49,,26.3
SLE,2007,,67.58,31.9,17.99,,26.9
SLE,2008,,72.45,28.1,18.44,,27
SLE,2009,,89.75,24.8,18.84,,26.9
SLE,2010,,101.5,22.5,19.17,,26.8
SLE,2011,,108.49,21.6,19.46,3.2,26.4
SLE,2012,,112,21.9,19.72,,26
SLE,2013,,117.5,23.2,19.97,,25.2
SLE,2014,10.9656716553765,110.05,23.2,20.23,,24.6
SLE,2015,20.7188415859113,96.35,24.1,20.5,,24.4
SLE,2016,28.4812386604009,93.6,24.5,20.79,,24.7
SLE,2017,32.5675100405142,84.47,26,21.1,,24.7
SLE,2018,32.2868033846246,88.66,27,21.42,,24.6
SLE,2019,,78.32,27.8,21.75,,24.3
SLE,2020,,91.46,27.5,22.1,,23.7
SLE,2021,,130.56,26.3,22.45,,23.9
SLE,2022,,104.72,25.2,22.81,,
SLE,2023,,,24.1,,,
SLE,2024,,,,,4.8,
SOM,2000,,93.85,,18.46,,33.4
SOM,2001,,99.04,70,19.12,,33
SOM,2002,,101.28,69.9,19.8,,32.6
SOM,2003,,102.17,69.8,20.5,,32.3
SOM,2004,,103.73,69.7,21.22,,32.3
SOM,2005,,106.56,69.7,21.94,,32
SOM,2006,,101.18,69.7,22.66,,31.6
SOM,2007,,99.97,69.7,23.38,,31.4
SOM,2008,,98,69.8,24.09,,31.6
SOM,2009,,97.84,71.8,24.8,,31.4
SOM,2010,,107.4,72.5,25.51,,30.7
SOM,2011,,106.01,71.5,26.23,4.3,29.6
SOM,2012,,109.87,67.4,26.95,,30.2
SOM,2013,,110.05,63.3,27.68,,30.5
SOM,2014,,100.56,61.4,28.42,,30.2
SOM,2015,,101.91,60.7,29.18,,30
SOM,2016,,97.54,60.2,29.95,,29.8
SOM,2017,,98.37,59,30.73,,29.7
SOM,2018,,98.95,56.2,31.53,,29.4
SOM,2019,,99.76,53.9,32.34,,29.2
SOM,2020,,100.14,52.1,33.16,,29.3
SOM,2021,,99.82,52.1,34,,27.6
SOM,2022,,98.94,52.8,34.86,,
SOM,2023,,,53.2,,,
SOM,2024,,,,,5.8,
SSD,2000,,,,13.09,,19.8
SSD,2001,,,,13.53,,18.9
SSD,2002,,,,13.98,,18.3
SSD,2003,,,,14.44,,18.3
SSD,2004,,,,14.91,,18.3
SSD,2005,,,,15.38,,18
SSD,2006,,,,15.85,,17.9
SSD,2007,,,,16.31,,17.7
SSD,2008,,,,16.77,,17.4
SSD,2009,,,,17.23,,17.6
SSD,2010,,,,17.68,,17.2
SSD,2011,,,,18.13,,17.1
SSD,2012,,94.83,,18.6,,17.2
SSD,2013,,94.26,,19.08,,17.4
SSD,2014,,98.42,,19.58,,18
SSD,2015,,100.49,,20.1,,19
SSD,2016,,101.1,,20.64,,19
SSD,2017,,100.66,,21.21,,19.6
SSD,2018,,101.96,,21.79,,21.2
SSD,2019,,110.73,,22.36,,22
SSD,2020,,106.85,21.8,22.96,,22.6
SSD,2021,,114.19,21.4,23.57,,22.4
SSD,2022,,114.76,21,24.2,,
SSD,2023,,,22.3,,,
SSD,2024,,,,,4.6,
STP,2000,30.8237678617422,108.14,,23.34,,21.2
STP,2001,36.5911181154036,112.1,15.5,24.44,,21.4
STP,2002,41.6953121240088,112.81,13.8,25.54,,21.3
STP,2003,38.4475173883189,113.68,12.3,26.64,,20.8
STP,2004,38.6677414094989,106.2,11.1,27.72,,21
STP,2005,38.4535753059682,108.75,10.4,28.79,,20.6
STP,2006,30.6310770188119,107.65,10.6,29.82,,20.9
STP,2007,28.3347479955804,107.96,11.6,30.81,,21.3
STP,2008,27.3385925342979,103.77,13,31.74,,21
STP,2009,35.9073598733904,105.66,14.7,32.62,,20.5
STP,2010,29.8330426924339,103.9,16.5,33.44,,19.9
STP,2011,32.4200333998739,99.62,17.6,34.2,5.5,19.5
STP,2012,30.36436710416,101.7,17.4,34.91,,20.2
STP,2013,30.632016535758,110.47,17.4,35.61,,19.8
STP,2014,32.3602148810204,106.36,18.1,36.31,,19.7
STP,2015,31.0454186121133,89.32,18.5,37.02,,19.8
STP,2016,32.2623399034712,104.32,18.3,37.76,,20.2
STP,2017,29.7309535309856,110.88,17.9,38.51,,20.5
STP,2018,29.2119922018986,106.78,17.8,39.29,,20.5
STP,2019,30.9368951866648,106.54,16.9,40.08,,20.6
STP,2020,33.5486558244754,105.67,15.9,40.91,,20.4
STP,2021,34.7543193908872,106.4,16,41.76,,19.5
STP,2022,27.4516536137683,107.25,16.7,42.62,,
STP,2023,31.8148500954205,,17.4,,,
STP,2024,,,,,12.1,
SWZ,2000,18.7318764923188,76.12,,37.34,,30.2
SWZ,2001,17.3054625958741,75.25,9.8,38.42,,32.4
SWZ,2002,17.6452868261358,83.7,9.2,39.51,,34.2
SWZ,2003,16.409532818847,84.45,8.8,40.59,,35.6
SWZ,2004,16.4411566731346,85.05,9.7,41.65,,36.7
SWZ,2005,16.8067693795332,90.55,11.7,42.69,,37.7
SWZ,2006,15.5525480144067,89.09,13.9,43.7,,37.4
SWZ,2007,20.5578826978798,87.33,16.4,44.68,,37.2
SWZ,2008,19.5679571658369,89.44,19.6,45.6,,36.7
SWZ,2009,19.1387435609903,90.77,23.3,46.46,,36
SWZ,2010,19.7356696799836,94.73,24.9,47.29,,39.2
SWZ,2011,17.0604322410119,97.34,24,48.11,3.1,33.5
SWZ,2012,19.076746192652,99.86,20.4,48.91,,33.5
SWZ,2013,15.4226832685797,101.73,17.5,49.7,,33.3
SWZ,2014,17.1945070438892,101.58,16.2,50.49,,33.6
SWZ,2015,17.7341004044949,100.19,16.2,51.28,,34.5
SWZ,2016,18.6971707597736,98.23,16.3,52.09,,35.2
SWZ,2017,18.4818861547469,101.53,15,52.89,,35.6
SWZ,2018,18.8200188962016,103.62,13.4,53.71,,35.7
SWZ,2019,18.2907190727126,104.6,11.7,54.53,,35.1
SWZ,2020,20.394357926063,104.26,11.4,55.37,,35.1
SWZ,2021,18.6152649615263,104.57,11.6,56.24,,32.3
SWZ,2022,19.2127706671286,105.96,13.1,57.14,,
SWZ,2023,19.5826390405392,,14.7,,,
SWZ,2024,,,,,7.9,
SYC,2000,10.1388444830577,154.48,,48.09,,24.4
SYC,2001,22.5660811812637,137.72,2.5,48.98,,24.2
SYC,2002,30.4136765768773,136.71,2.5,49.87,,24.3
SYC,2003,30.2065266112976,132.69,2.5,50.74,,24.8
SYC,2004,27.3049355631085,119.04,2.5,51.58,,24.7
SYC,2005,23.814743203958,112.21,2.8,52.39,,24.2
SYC,2006,26.6387975304285,105.78,3.1,53.14,,24.1
SYC,2007,23.6798033594862,113.65,3.5,53.85,,23.6
SYC,2008,20.6595343141682,111.74,3.9,54.49,,23.4
SYC,2009,13.2672857645928,103.39,4.3,55.07,,22.4
SYC,2010,17.109289882954,103.98,4.9,55.59,,21.5
SYC,2011,15.5200890619526,114.1,5.2,56.05,12.1,21.1
SYC,2012,25.6014295887603,95.01,5.5,56.48,,21.3
SYC,2013,27.4798832234222,89.71,5.2,56.88,,20.9
SYC,2014,26.0078767270249,95.09,4.9,57.29,,21
SYC,2015,24.4808561256381,100.06,4.3,57.7,,21.6
SYC,2016,18.0934978510831,104.85,3.7,58.12,,21.9
SYC,2017,9.64480737821043,90.51,3.3,58.54,,21.6
SYC,2018,20.3544780116514,109.16,3,58.96,,21.7
SYC,2019,19.0199565108019,120.21,2.7,59.39,,21.8
SYC,2020,13.1810402535175,129.34,2.5,59.83,,16.8
SYC,2021,19.5211628407499,151.24,2.5,60.29,,15.6
SYC,2022,15.2579607317424,149.83,2.5,60.77,,
SYC,2023,25.2034177580684,,2.5,,,
SYC,2024,26.1077593682817,,,,9.3,
TCD,2000,,44.11,,9.86,,25.6
TCD,2001,,50.22,34.4,10.44,,25.7
TCD,2002,,49.02,33.4,11.03,,25.8
TCD,2003,,53.93,33.9,11.64,,25.8
TCD,2004,,50.68,32.4,12.26,,25.5
TCD,2005,,59.12,30.9,12.88,,25.4
TCD,2006,,60.74,28.6,13.49,,25.2
TCD,2007,,63.68,26.6,14.08,,25.3
TCD,2008,,66.51,24.7,14.64,,25.5
TCD,2009,,66.73,24.1,15.17,,25.5
TCD,2010,,90.07,24.1,15.66,,25.5
TCD,2011,,75.21,24,16.12,3.9,25.3
TCD,2012,,99.57,23.5,16.56,,25.1
TCD,2013,,94.52,23.8,16.98,,24.8
TCD,2014,,97.54,25.2,17.4,,24.6
TCD,2015,,97.01,25.9,17.84,,24.4
TCD,2016,,105.45,26.1,18.3,,24.1
TCD,2017,,108.64,26.7,18.77,,24
TCD,2018,,114.47,28.1,19.26,,24.1
TCD,2019,,118.38,29.8,19.77,,24
TCD,2020,,121.32,30.1,20.31,,24.5
TCD,2021,,122.86,30.1,20.86,,23.4
TCD,2022,,130.28,30.5,21.43,,
TCD,2023,,,32,,,
TCD,2024,,,,,7.3,
TGO,2000,18.3773280450188,61.66,,14.52,,28.2
TGO,2001,22.7769359094111,65.73,28.8,15.32,,28.3
TGO,2002,22.1250762560044,64.63,28.8,16.14,,28.3
TGO,2003,17.1155288446436,65.22,27.7,16.98,,28.5
TGO,2004,18.1388978474055,67.79,26.2,17.83,,28.2
TGO,2005,15.5315633580549,73.34,24.8,18.67,,28.2
TGO,2006,,78.99,23.6,19.49,,28.2
TGO,2007,14.6371119232388,80.87,22.2,20.3,,28.1
TGO,2008,10.1452328462736,89.1,20.7,21.07,,28.6
TGO,2009,12.8785118934024,96.58,19.9,21.8,,28.5
TGO,2010,13.2994494063976,94.72,19.6,22.49,,28.1
TGO,2011,13.2979116735176,102.45,20.1,23.15,3.3,27.9
TGO,2012,14.6596916444401,98.81,19.9,23.77,,27.7
TGO,2013,12.387778635188,92.82,19.6,24.39,,27.5
TGO,2014,13.9121248234354,100.84,20,25.03,,27.2
TGO,2015,15.0602143849859,98.5,20.1,25.69,,27.1
TGO,2016,14.5383366978512,100.67,20.6,26.38,,27
TGO,2017,19.3969301241103,105.89,20.4,27.09,,26.7
TGO,2018,17.4032547222881,110.32,19.7,27.82,,26.5
TGO,2019,17.818209441345,114.05,18.2,28.59,,26.1
TGO,2020,17.4340946357038,116.4,15.9,29.37,,26.4
TGO,2021,16.3337350333552,121.99,13.7,30.18,,25.4
TGO,2022,15.7546942777709,128.24,11.1,31,,
TGO,2023,19.2960459636213,,9.1,,,
TGO,2024,17.6484245927718,,,,4.8,
TZA,2000,15.5588556999273,39.69,,15.95,,19.6
TZA,2001,15.1880359151488,43.02,32.8,16.58,,19.2
TZA,2002,13.8026962658223,53.01,33.6,17.22,,18.9
TZA,2003,13.5291591939109,46.37,32.1,17.89,,18.8
TZA,2004,14.9662328717895,53.78,31.5,18.57,,18.6
TZA,2005,9.59258046940123,54.83,28.5,19.26,,18.4
TZA,2006,12.0642862545435,60.04,27,19.95,,18.1
TZA,2007,11.7292567694593,60.51,25.9,20.64,,18
TZA,2008,7.79151822390501,61.22,25.1,21.34,,17.8
TZA,2009,8.92913287798347,63.46,24.6,22.02,,17.8
TZA,2010,9.9648017351581,74,23.7,22.71,,17.5
TZA,2011,9.9102715270839,80.96,22.7,23.42,2.8,17.3
TZA,2012,8.83794855959315,84.97,21.7,24.13,,17.1
TZA,2013,7.85585881807329,91.3,21.2,24.86,,17.3
TZA,2014,9.46755789603786,98.68,21.1,25.61,,17.2
TZA,2015,5.62720806105769,103.25,21.3,26.37,,17.4
TZA,2016,10.7607531611547,98.08,21.9,27.16,,17.6
TZA,2017,10.2785536416025,96.03,22.6,27.97,,17.7
TZA,2018,7.24022427153078,104.52,22.9,28.78,,18.1
TZA,2019,5.70821959493459,105.58,23,29.61,,18.4
TZA,2020,8.17579371598609,112.05,22.8,30.47,,17.9
TZA,2021,8.49486214916324,112.95,22.4,31.35,,18.8
TZA,2022,7.20749292124296,109.9,21.4,32.24,,
TZA,2023,8.82090581410317,,20.2,,,
TZA,2024,9.1943422547416,,,,9.8,
UGA,2000,14.0580567298868,95.77,,10.28,,29.2
UGA,2001,12.2267192293843,102.04,21.2,10.72,,29.8
UGA,2002,14.0222059999308,107.05,19.5,11.19,,29.5
UGA,2003,16.2100755983485,109,18.4,11.67,,28.9
UGA,2004,16.2770402261925,109.59,18.1,12.17,,28.4
UGA,2005,15.9345491998594,109.44,18.8,12.68,,27.4
UGA,2006,13.6065147035144,108.34,19.2,13.2,,26.2
UGA,2007,12.4919847554131,113.35,19.6,13.73,,25.1
UGA,2008,12.9713220673364,87.79,19.8,14.26,,24.3
UGA,2009,12.4424607115575,92.07,18.7,14.8,,23.6
UGA,2010,12.4094134644584,94.35,17.6,15.36,,23.3
UGA,2011,13.4632530339196,94.78,17.7,15.92,2.8,23.1
UGA,2012,10.7911567774461,96.1,19.6,16.51,,22.6
UGA,2013,11.4544325364689,98.92,21.3,17.12,,22.5
UGA,2014,13.5656937262835,101.79,23.8,17.75,,22
UGA,2015,12.1359119714902,103.67,30.6,18.41,,21.7
UGA,2016,13.3347066603439,94.55,35.4,19.08,,21.5
UGA,2017,14.9376122057273,103.98,35.5,19.78,,21.1
UGA,2018,11.7987806111255,105.73,35.9,20.51,,21.4
UGA,2019,10.7224972762183,118.45,33.1,21.26,,21.8
UGA,2020,11.5039206906798,139.38,33.1,22.06,,21.7
UGA,2021,14.1830663509934,151.83,25.6,22.88,,21.5
UGA,2022,13.4894669922506,135.53,24.2,23.75,,
UGA,2023,10.6550373917887,,22,,,
UGA,2024,10.735405652596,,,,2.2,
ZAF,2000,4.68584418898625,71.25,,47.78,,21.6
ZAF,2001,4.35460037690876,68.23,3.6,48.51,,21.2
ZAF,2002,4.97409042536012,72.44,3.5,49.23,,22.5
ZAF,2003,4.97803316819058,72.87,3.4,49.94,,23.3
ZAF,2004,4.96272133282915,74.48,3.3,50.63,,23.4
ZAF,2005,4.45358919883243,79.19,3.3,51.28,,23.3
ZAF,2006,4.36740647169694,76.72,3.4,51.88,,24.9
ZAF,2007,5.16879967398032,78.79,3.5,52.42,,24.9
ZAF,2008,5.25924597498068,88.62,3.5,52.88,,25.3
ZAF,2009,6.52906308437715,87.39,4,53.26,,24.9
ZAF,2010,6.6273345109819,90.03,4.5,53.56,,26.2
ZAF,2011,6.84792697409148,89.21,5,53.78,7,24.9
ZAF,2012,7.15985203129744,92.15,5.2,53.95,,24.7
ZAF,2013,6.55170801065085,97.4,5.6,54.08,,24.2
ZAF,2014,6.29231522968051,102.96,6.4,54.17,,24.5
ZAF,2015,6.97820259788148,100.99,6.6,54.22,,24.6
ZAF,2016,8.35925884365795,96.06,6.4,54.33,,24.1
ZAF,2017,7.87838407329725,105.85,6.1,54.48,,23
ZAF,2018,7.07452786511397,104.36,6.4,54.59,,22.6
ZAF,2019,7.23422341886668,104.48,7.2,54.69,,21.6
ZAF,2020,8.4019012309167,111.43,8.6,54.8,,23.1
ZAF,2021,7.20423265995072,114.24,9.4,54.92,,22.7
ZAF,2022,6.3766274385877,113.24,10,55.05,,
ZAF,2023,6.32333801823275,,10,,,
ZAF,2024,7.17383887868293,,,,7.2,
ZMB,2000,7.71875385705693,45.47,,14.82,,25.8
ZMB,2001,8.90169458861382,45.46,50.3,15.32,,25.2
ZMB,2002,10.9170489712646,46.14,50.1,15.85,,25.3
ZMB,2003,12.8091114362065,51.33,50.1,16.4,,25.2
ZMB,2004,6.99595611051906,51.14,49.5,16.98,,24.4
ZMB,2005,6.27914029941864,51.54,49.4,17.58,,23.6
ZMB,2006,7.74466326880398,55.64,48.1,18.18,,23.2
ZMB,2007,5.41864513915649,55.14,46.8,18.79,,23
ZMB,2008,5.60473308012592,59.43,45.6,19.41,,22.9
ZMB,2009,6.55122864762436,77.33,44.9,20.03,,22.9
ZMB,2010,4.72346413311449,91.58,43.9,20.66,,23.1
ZMB,2011,5.05053377640445,96.23,42.8,21.32,4.8,23.4
ZMB,2012,5.59482407006915,95.41,41.1,21.99,,23.2
ZMB,2013,4.22365420871318,99.51,39.1,22.68,,22.6
ZMB,2014,4.67353135038696,105.79,37.3,23.39,,22.8
ZMB,2015,6.02146654938936,92.56,35.1,24.13,,22.7
ZMB,2016,6.10621751889602,101.64,33.4,24.88,,23.1
ZMB,2017,6.11675887008898,124.72,31.8,25.66,,22.9
ZMB,2018,5.27627154479216,114.62,31.5,26.47,,22.7
ZMB,2019,7.26167497859506,110.94,32.1,27.29,,23.2
ZMB,2020,8.713730995012,120.52,33.9,28.14,,24.1
ZMB,2021,8.98696065551374,127.49,35.7,29.01,,23.6
ZMB,2022,7.76492105778001,119.91,36.2,29.9,,
ZMB,2023,6.8602251801721,,37.2,,,
ZMB,2024,7.83076143578051,,,,10.3,
ZWE,2000,7.69021677634361,108.26,,24.1,,23.5
ZWE,2001,5.14226579458636,108.54,32.8,24.48,,24.3
ZWE,2002,13.200800830231,93.27,31.8,24.88,,25.5
ZWE,2003,21.0100852476005,95.43,31.4,25.3,,26.9
ZWE,2004,23.6762840047402,102.28,30.6,25.73,,28.6
ZWE,2005,12.795442383618,95.95,29.5,26.18,,28.7
ZWE,2006,20.8914909544788,97,28.7,26.62,,28.4
ZWE,2007,11.3778547601645,96.9,27.9,27.06,,28.5
ZWE,2008,19.4631724242983,89.09,27.1,27.51,,30
ZWE,2009,13.2103713800052,94.74,28,27.95,,30.7
ZWE,2010,17.9116945404625,106.25,29.2,28.39,,33.8
ZWE,2011,14.6916203761833,108.3,29.9,28.85,9.8,33.6
ZWE,2012,18.3036843550772,112.21,29.6,29.31,,33
ZWE,2013,14.5797406157871,111.7,31.1,29.77,,33.2
ZWE,2014,15.361153489387,96.85,33.4,30.24,,33.2
ZWE,2015,17.0111458047622,101.1,34.3,30.72,,33.5
ZWE,2016,19.9439317639588,102.05,32.8,31.22,,33.7
ZWE,2017,14.8943839254836,106.59,30.9,31.73,,33.4
ZWE,2018,11.8875690469618,107.82,31,32.25,,33.6
ZWE,2019,8.06018754559146,105.74,30,32.78,,32.7
ZWE,2020,18.254024759494,110.34,28.2,33.33,,33
ZWE,2021,14.369808426375,120.52,24.8,33.89,,31.2
ZWE,2022,13.3173235502424,121.68,21.4,34.46,,
ZWE,2023,13.8194390564742,,19.7,,,
ZWE,2024,18.9550135572266,,,,1.5,
